player_id,name,position,age,nationality,league,pace,dribbling,passing_accuracy,shooting,tackling,aerial_duels_won_pct,positioning,stamina,goals_per90,assists_per90,estimated_value_eur_m
P0001,Erik Almeida,CM,20,Croatia,Premier League,67.6,70.2,86.1,45.4,50.8,40.4,60.6,59.1,0.22,0.26,9.6
P0002,Nico Garcia,CM,22,Italy,Bundesliga,69.8,88.5,81.2,51.0,50.9,40.2,75.6,82.3,0.0,0.08,22.4
P0003,Erik Smith,CM,27,Spain,Bundesliga,59.4,57.0,75.2,46.3,55.5,43.6,77.6,85.6,0.05,0.09,36.4
P0004,Thiago Kone,CM,28,Netherlands,Premier League,60.7,57.2,71.0,41.0,56.1,49.7,75.1,87.2,0.19,0.16,22.8
P0005,Hugo Fernandes,CM,24,England,Serie A,58.8,77.7,87.9,37.4,60.1,28.6,76.6,72.5,0.2,0.12,25.8
P0006,Mohammed Boateng,CAM,28,Morocco,La Liga,68.2,73.7,68.0,58.7,35.9,38.3,68.6,76.0,0.42,0.33,26.8
P0007,Felix Kone,FB,23,France,Serie A,83.4,62.9,65.1,45.2,65.7,33.8,67.8,78.8,0.0,0.1,20.5
P0008,Ibrahim Owusu,CM,24,Argentina,Bundesliga,51.6,59.4,70.1,50.8,51.5,39.7,68.0,83.8,0.04,0.12,17.1
P0009,Bruno Kone,FB,28,England,Ligue 1,70.7,76.2,56.8,39.7,85.5,47.1,60.5,82.8,0.0,0.0,23.9
P0010,Yusuf Garcia,CM,29,Brazil,La Liga,65.5,77.4,85.0,51.6,43.5,36.8,73.9,66.3,0.1,0.28,
P0011,Kevin Fernandes,FB,27,Brazil,Eredivisie,87.7,66.8,74.8,36.4,58.3,63.4,75.6,87.9,0.0,0.0,13.8
P0012,Hugo Owusu,CB,21,Brazil,Ligue 1,61.2,34.0,51.8,32.0,78.1,87.7,79.3,89.9,0.04,0.0,16.8
P0013,Andre Garcia,FB,17,Netherlands,Serie A,76.1,67.6,72.1,34.0,70.7,72.0,77.4,74.4,0.0,0.04,
P0014,Thiago Owusu,ST,27,Ivory Coast,Premier League,66.4,59.6,59.0,71.8,15.5,,92.2,64.7,0.3,0.22,17.4
P0015,Erik Martinez,CAM,24,Belgium,Eredivisie,62.5,78.5,76.7,80.1,24.6,32.7,68.4,,0.34,0.1,17.0
P0016,James Keller,CB,34,Ghana,La Liga,74.7,55.9,64.6,25.1,83.5,86.4,70.0,64.4,0.0,0.0,
P0017,Marco Martinez,CAM,25,Morocco,Championship,72.6,95.1,81.8,78.2,26.3,40.7,67.3,66.6,0.21,0.27,9.4
P0018,Diego Almeida,ST,17,Netherlands,Ligue 1,66.8,68.0,55.0,93.1,13.6,56.5,79.0,81.5,0.33,0.27,7.8
P0019,Kofi Silva,GK,29,Ivory Coast,La Liga,49.3,36.0,64.5,11.8,17.8,73.6,79.1,64.0,0.19,0.0,7.5
P0020,Yusuf De Bruyne,ST,23,England,La Liga,76.7,77.1,61.3,75.0,22.2,67.6,89.6,72.9,0.64,0.09,40.5
P0021,Ola Sarr,FB,23,England,Serie A,73.6,73.3,69.8,22.7,70.9,64.2,71.9,77.0,0.0,0.02,75.7
P0022,Yusuf Costa,ST,26,Germany,Championship,74.0,68.4,81.2,73.2,24.9,61.6,71.6,58.5,0.59,0.33,
P0023,Pierre Lopes,CB,23,Belgium,Bundesliga,61.6,49.5,65.0,34.2,76.2,72.7,85.9,51.7,0.27,0.02,21.0
P0024,Rafael Boateng,FB,27,Belgium,Serie A,83.9,56.2,74.1,30.6,48.3,55.5,58.2,,0.0,0.05,27.4
P0025,Pierre Smith,ST,26,Germany,La Liga,75.4,88.2,68.2,76.5,39.9,69.6,92.5,69.1,0.7,0.0,51.8
P0026,Felix Mensah,CAM,21,Nigeria,La Liga,57.3,75.4,66.7,78.8,18.1,34.8,68.8,85.5,0.0,0.31,25.5
P0027,Ola Owusu,FB,18,Italy,Championship,88.8,64.1,77.9,22.2,63.2,55.0,65.4,78.4,,0.0,4.3
P0028,Victor Silva,GK,17,Ghana,Championship,42.9,25.9,57.1,5.5,40.3,81.2,66.9,69.2,0.11,,1.7
P0029,Emile Silva,CM,28,Ivory Coast,Championship,63.9,69.6,60.6,46.1,65.7,52.9,70.6,,0.2,0.15,5.6
P0030,Tunde Sarr,CAM,17,Brazil,Championship,75.3,60.6,96.3,50.9,42.0,32.7,76.5,66.0,0.5,0.3,4.8
P0031,Rafael Traore,FB,19,Germany,Premier League,67.6,65.4,64.1,17.8,72.1,45.3,55.7,81.7,0.0,0.06,25.5
P0032,Erik Nkrumah,GK,25,Ghana,Eredivisie,38.8,30.2,52.5,9.7,20.5,71.5,82.8,58.0,0.05,0.14,4.6
P0033,Kevin Smith,CM,18,England,Bundesliga,66.6,61.9,66.6,44.8,46.3,58.5,75.1,79.9,0.3,0.19,7.4
P0034,Ahmed Traore,CB,18,Italy,Premier League,50.9,46.8,64.7,24.9,66.9,82.0,73.4,66.4,0.0,,11.4
P0035,Ibrahim Rossi,ST,27,Italy,Ligue 1,76.7,86.3,78.0,87.5,18.9,55.5,70.0,72.2,0.14,0.1,24.7
P0036,Mohammed Martinez,ST,36,Ghana,Championship,62.1,68.8,61.7,75.2,31.1,68.9,84.2,64.2,0.92,0.0,1.9
P0037,Diego Nkrumah,ST,25,Germany,Bundesliga,75.7,73.9,77.6,79.0,25.9,55.2,82.7,67.5,0.5,0.2,41.6
P0038,Hugo Diallo,CM,23,Nigeria,Ligue 1,75.4,62.6,60.2,58.4,48.3,32.4,68.1,78.1,0.2,0.27,18.5
P0039,Ola Keller,CM,28,France,Premier League,73.7,81.6,77.7,56.6,63.1,41.0,71.1,85.3,0.0,0.34,36.2
P0040,Kevin Diallo,CM,25,Nigeria,Championship,85.0,59.9,99.0,61.3,51.2,45.2,66.9,93.6,0.16,0.3,15.2
P0041,Pierre Kone,CM,27,Nigeria,Bundesliga,64.6,70.2,69.0,69.6,56.0,45.9,73.8,83.8,0.11,0.1,33.4
P0042,Lucas Lopes,ST,22,Portugal,Ligue 1,71.0,73.4,61.9,70.1,16.2,64.3,67.1,81.2,0.45,0.21,14.7
P0043,Victor Traore,GK,24,Argentina,La Liga,,36.7,49.7,6.5,20.7,68.5,72.5,50.4,0.07,0.0,7.2
P0044,Tunde Almeida,GK,34,Netherlands,Ligue 1,32.0,30.9,59.0,5.4,12.7,63.0,57.1,70.8,0.0,0.01,0.3
P0045,Kwame Mensah,CB,29,Argentina,Primeira Liga,,64.4,73.6,20.5,51.5,75.1,76.9,63.5,0.0,0.0,16.2
P0046,Felix Dubois,GK,29,Senegal,Championship,27.6,23.8,45.0,30.6,21.2,76.5,55.0,61.1,0.18,0.14,1.3
P0047,Jorge Martinez,GK,18,France,Serie A,37.8,31.8,44.3,15.5,23.7,80.9,77.7,61.8,0.14,0.15,2.5
P0048,Diego Nkrumah,CB,29,Ghana,Eredivisie,42.6,31.0,53.6,32.8,79.8,75.3,85.8,85.2,,0.0,11.4
P0049,Kwame Boateng,CAM,25,England,Bundesliga,,81.3,66.4,73.2,33.8,42.0,79.9,85.3,0.4,0.12,17.2
P0050,Diego Keller,ST,19,France,La Liga,79.6,57.8,58.6,90.7,17.9,64.6,64.0,,0.5,0.16,
P0051,Sadio Costa,ST,25,Portugal,Championship,76.9,66.2,83.4,69.9,14.4,73.2,72.4,62.4,0.9,0.25,9.0
P0052,Emile Fernandes,CM,25,Italy,La Liga,54.3,71.0,82.9,54.5,63.6,51.7,71.7,79.4,0.0,0.22,33.7
P0053,Ola Silva,ST,21,Brazil,Bundesliga,79.9,68.4,57.3,85.3,31.3,59.5,72.7,87.5,0.6,0.02,34.7
P0054,Lucas Fernandes,FB,30,Italy,Championship,70.8,63.5,64.5,46.6,69.6,63.3,53.1,84.1,0.16,0.06,12.8
P0055,Mohammed Rossi,CM,22,Portugal,La Liga,76.3,86.4,75.1,46.4,66.6,57.6,63.8,76.6,0.04,0.05,20.2
P0056,Hugo Nkrumah,CAM,24,Italy,La Liga,60.9,72.8,86.4,67.2,30.4,41.9,79.4,,0.26,0.41,24.3
P0057,Felix Keller,CAM,22,Portugal,La Liga,63.2,82.4,75.0,61.0,28.7,37.0,62.6,78.4,0.41,0.33,17.9
P0058,Ibrahim Rossi,CB,21,Belgium,Bundesliga,61.3,42.1,62.7,29.3,88.7,71.2,75.8,54.0,0.0,0.14,11.3
P0059,Ola Costa,ST,28,France,Serie A,75.3,84.9,71.6,88.8,26.1,61.3,91.9,67.0,,0.12,28.7
P0060,Sadio Smith,CB,22,Croatia,Championship,63.8,42.0,51.3,19.5,84.0,81.3,78.2,66.2,0.03,0.13,4.4
P0061,Ahmed Mensah,CM,23,Nigeria,Ligue 1,59.6,67.6,75.4,47.2,63.9,49.5,62.4,75.6,0.15,0.23,16.0
P0062,Kofi Lopes,CB,22,Nigeria,Premier League,63.0,57.5,57.5,20.6,95.0,66.4,57.4,71.5,0.0,0.0,29.2
P0063,Tunde Smith,ST,17,Croatia,La Liga,70.5,79.3,57.6,73.8,30.1,63.2,83.5,60.7,0.93,0.03,10.3
P0064,Kwame Smith,CM,23,Senegal,Serie A,65.2,62.8,85.5,48.7,44.3,33.6,72.8,68.1,0.13,0.22,13.5
P0065,Kevin Novak,GK,24,Belgium,Serie A,35.6,22.5,63.0,19.7,25.9,77.5,76.8,57.4,0.04,0.0,7.2
P0066,Mateus Smith,ST,29,Netherlands,La Liga,75.7,58.9,56.1,87.4,29.4,60.8,75.8,71.7,0.68,0.3,44.7
P0067,Jorge Sarr,FB,22,Belgium,Eredivisie,86.7,65.9,75.6,33.4,78.5,58.2,82.5,79.0,0.06,0.0,14.4
P0068,Bruno Novak,CB,21,England,Serie A,66.0,36.0,62.5,21.0,81.7,86.7,74.1,75.5,,0.0,12.8
P0069,Diego Almeida,CB,23,Italy,Eredivisie,60.6,57.5,45.7,35.5,83.5,70.9,64.1,62.6,0.0,0.0,15.8
P0070,Marco Rossi,ST,26,Croatia,La Liga,72.7,56.8,64.6,78.7,33.5,42.1,79.9,60.8,0.6,0.19,24.9
P0071,Amadou Lopes,CB,18,Belgium,Championship,72.4,38.9,51.9,23.8,88.0,73.3,59.4,,0.09,0.27,2.2
P0072,Tunde Mensah,ST,28,Argentina,Championship,84.8,79.7,64.3,82.9,35.4,57.6,81.0,67.4,0.47,0.15,9.8
P0073,Mohammed Nkrumah,CAM,25,France,Premier League,,71.0,92.9,80.8,28.3,40.5,75.2,73.2,0.0,0.34,16.2
P0074,Kevin Traore,FB,27,Belgium,Primeira Liga,69.6,60.0,83.3,33.5,69.7,62.0,69.0,83.2,0.08,,17.1
P0075,Kwame Diallo,ST,27,Italy,Premier League,76.1,74.0,72.9,65.2,32.5,62.7,69.1,76.4,0.49,0.12,29.1
P0076,Tunde Mensah,GK,28,England,Serie A,43.9,27.1,56.0,7.4,27.6,77.8,59.3,68.9,0.0,0.17,12.5
P0077,Kofi Novak,CB,23,Belgium,Bundesliga,59.7,35.5,60.5,35.2,85.6,99.0,75.3,55.0,0.06,0.0,18.4
P0078,Victor Silva,GK,23,England,Ligue 1,48.1,28.5,54.4,9.7,12.4,63.0,62.1,67.8,,0.0,3.3
P0079,Ahmed Kone,GK,25,Germany,Premier League,55.5,25.7,54.1,17.6,14.7,63.4,68.8,56.3,0.2,0.0,6.2
P0080,Nico Traore,CAM,19,Brazil,Bundesliga,,68.0,74.5,59.3,37.2,37.6,82.0,66.6,0.29,0.22,27.1
P0081,Victor Garcia,GK,34,Germany,Bundesliga,29.9,25.6,42.5,4.4,14.9,59.4,76.0,55.6,0.05,0.01,0.2
P0082,Sergio Smith,CM,28,Nigeria,Eredivisie,73.8,70.4,73.7,37.0,59.5,36.2,62.3,75.3,0.05,,14.5
P0083,Jorge Almeida,CB,20,Germany,Eredivisie,65.9,34.1,56.5,23.9,75.8,62.4,70.0,61.4,0.05,0.06,8.1
P0084,James Almeida,ST,31,Belgium,Eredivisie,,80.5,55.3,75.7,13.7,60.6,84.2,70.6,0.73,0.08,13.3
P0085,Ahmed Rossi,FB,20,France,Bundesliga,70.9,59.4,66.1,35.7,73.7,48.2,52.2,99.0,0.0,0.13,15.3
P0086,Amadou Mensah,CAM,23,France,Eredivisie,77.3,82.5,84.8,60.9,28.1,30.5,69.2,63.7,0.45,0.31,
P0087,Tunde Diallo,CB,22,Morocco,Primeira Liga,67.5,38.6,60.8,32.6,52.9,77.1,74.4,64.7,0.08,0.12,10.6
P0088,Thiago Lopes,CAM,31,Ivory Coast,Eredivisie,77.8,76.3,91.9,66.2,27.3,35.1,69.6,68.9,0.28,0.32,
P0089,James Nkrumah,CB,17,Spain,Bundesliga,67.5,34.1,56.2,15.6,65.6,82.3,81.1,63.4,0.0,0.0,7.3
P0090,Andre Costa,FB,20,Ivory Coast,Primeira Liga,82.1,53.9,61.9,34.9,85.7,49.5,61.3,87.9,0.0,0.09,15.4
P0091,Jorge Nkrumah,ST,26,Brazil,Primeira Liga,69.2,68.4,62.0,79.3,26.2,64.7,82.1,50.5,0.54,0.0,14.0
P0092,Ahmed Smith,ST,24,Morocco,Bundesliga,77.1,76.3,74.8,79.0,25.8,60.1,73.7,63.8,0.21,0.04,14.4
P0093,Rafael Silva,CM,25,Senegal,Bundesliga,58.2,69.4,80.0,43.1,48.0,52.7,67.6,73.8,0.02,0.08,22.5
P0094,Pierre Fernandes,ST,25,England,Championship,67.7,68.1,58.8,62.7,32.8,55.9,71.9,71.7,0.63,0.12,9.4
P0095,Nico Sarr,CAM,33,Argentina,Championship,73.5,81.0,92.8,74.0,23.6,42.4,58.3,67.7,0.3,0.24,6.1
P0096,James Martinez,GK,26,Spain,Premier League,58.6,31.9,70.8,14.5,5.9,76.0,73.0,70.3,0.13,0.04,8.9
P0097,Pierre Martinez,GK,21,England,Primeira Liga,40.0,32.7,56.5,18.8,13.1,73.5,79.5,52.1,0.25,0.21,
P0098,Ibrahim Smith,ST,28,Argentina,Premier League,81.4,79.0,71.3,79.2,34.8,51.4,78.0,82.5,0.36,0.08,48.0
P0099,Erik Sarr,ST,18,England,La Liga,85.1,65.6,85.5,75.5,26.5,72.3,94.0,86.5,0.73,0.25,20.8
P0100,James Traore,CB,26,Nigeria,La Liga,53.5,49.4,54.0,6.6,83.0,80.9,70.4,62.9,0.0,0.13,29.1
P0101,Ola Sarr,CB,23,Spain,Bundesliga,62.1,54.2,55.6,34.6,64.5,68.0,77.8,56.7,0.0,0.0,24.0
P0102,Amadou Owusu,ST,23,Spain,Championship,79.2,64.5,47.2,58.3,18.6,61.3,80.7,66.1,0.57,0.12,5.5
P0103,Bruno Novak,ST,24,Germany,Premier League,73.4,63.0,58.4,78.2,27.9,67.3,71.6,81.9,0.51,0.15,24.8
P0104,Marco Novak,CB,19,Spain,Ligue 1,51.2,43.6,58.9,31.3,72.9,69.5,76.1,65.9,0.17,0.1,11.4
P0105,Pierre Boateng,CB,26,Portugal,Primeira Liga,49.1,48.7,57.7,12.1,89.3,72.1,68.5,,0.2,0.0,12.7
P0106,Sergio Costa,FB,33,Brazil,Premier League,85.5,69.4,64.5,26.2,66.3,46.0,70.2,95.1,0.0,0.14,13.6
P0107,Kwame Garcia,ST,22,Netherlands,Eredivisie,79.8,64.3,60.9,89.3,18.9,48.4,78.8,67.1,0.63,0.18,13.4
P0108,Nico Almeida,CAM,30,Italy,Ligue 1,64.3,71.6,63.0,58.5,28.4,29.1,69.9,82.2,0.14,0.21,9.8
P0109,Ola Nkrumah,CB,26,Ghana,Championship,53.2,39.9,66.2,22.3,76.8,70.4,78.4,84.5,0.0,0.05,15.8
P0110,Mateus Boateng,ST,24,Ghana,Ligue 1,82.9,79.5,85.7,84.6,27.6,61.6,75.2,72.7,0.51,0.17,46.4
P0111,Pierre Boateng,FB,17,Portugal,Serie A,73.1,75.4,67.8,27.0,64.0,61.7,69.4,80.1,0.0,0.01,6.3
P0112,Amadou Dubois,CM,31,France,Premier League,69.1,71.4,81.1,46.1,57.4,37.6,72.0,86.9,0.02,0.12,15.7
P0113,Lucas Sarr,GK,26,Italy,Bundesliga,48.9,35.1,58.9,13.3,18.1,75.4,85.2,58.9,0.0,0.16,9.6
P0114,Emile Owusu,FB,23,Netherlands,La Liga,77.9,61.8,67.5,39.3,75.1,63.0,81.5,86.6,0.37,0.0,64.8
P0115,Carlos Dubois,CAM,25,Ghana,Serie A,63.4,84.6,75.6,70.2,42.2,37.1,78.4,76.5,0.59,0.25,36.6
P0116,Jorge Fernandes,CB,20,Belgium,Ligue 1,66.3,44.5,45.8,26.5,93.7,69.0,74.1,60.1,0.0,0.19,10.9
P0117,Kevin Sarr,ST,23,Belgium,Premier League,55.8,73.4,66.1,91.8,29.9,78.3,78.9,69.2,0.52,0.11,15.4
P0118,Mohammed Costa,CM,19,Senegal,Serie A,44.3,63.5,96.2,39.7,33.9,52.7,86.9,82.4,0.12,0.15,
P0119,Kevin Martinez,ST,28,Brazil,La Liga,70.3,76.8,60.4,88.3,25.7,56.5,78.6,67.7,0.57,0.23,28.5
P0120,Erik Salah,CM,26,France,Premier League,69.1,55.4,85.2,46.1,56.2,57.9,75.2,77.9,0.0,0.0,
P0121,Tunde Diallo,GK,18,Brazil,Eredivisie,37.8,25.8,62.0,20.6,30.6,71.9,77.3,50.9,0.03,0.1,1.4
P0122,Emile Diallo,CB,18,Germany,La Liga,54.8,66.4,54.1,9.3,85.9,84.8,85.3,71.8,,0.23,9.3
P0123,Marco Mensah,CB,22,,Ligue 1,49.4,62.5,47.0,22.1,81.9,75.8,74.4,72.6,0.0,0.0,16.7
P0124,Victor Rossi,GK,25,Italy,La Liga,28.1,40.2,46.0,3.1,21.7,70.9,79.6,62.2,0.2,,5.0
P0125,Erik Kone,ST,27,England,Ligue 1,75.1,66.5,64.1,79.3,22.0,57.9,90.8,74.5,0.51,0.22,22.8
P0126,Emile Martinez,ST,20,Senegal,Ligue 1,77.6,91.1,50.6,75.9,19.6,56.5,86.2,74.3,0.68,0.15,10.0
P0127,Sadio Rossi,CB,28,France,Premier League,45.4,43.6,49.1,23.4,98.7,80.3,82.2,83.7,0.2,0.01,19.0
P0128,Hugo Sarr,GK,26,Germany,Championship,36.8,16.5,59.1,5.6,19.6,72.6,83.0,61.3,0.0,,1.9
P0129,Victor Sarr,GK,29,Croatia,Championship,44.6,15.8,60.1,2.8,14.8,65.2,81.0,42.9,0.5,0.16,0.4
P0130,Carlos Garcia,FB,27,Nigeria,Ligue 1,78.7,63.4,66.8,33.4,77.1,59.7,41.5,87.2,0.06,0.05,20.0
P0131,Lucas Silva,CB,30,Croatia,Primeira Liga,,40.8,66.1,26.7,93.8,77.0,72.1,63.1,0.06,0.1,15.2
P0132,Andre Almeida,ST,21,Nigeria,Bundesliga,74.8,56.9,51.9,78.5,20.6,60.9,76.9,70.2,0.64,0.1,15.1
P0133,Emile Nkrumah,ST,24,Spain,Ligue 1,69.3,62.0,58.9,87.0,20.0,58.8,83.6,67.8,0.65,0.0,20.9
P0134,Nico Owusu,CAM,30,Ivory Coast,La Liga,64.2,82.8,73.2,63.9,38.7,41.8,82.3,75.4,0.58,0.14,22.8
P0135,Mateus Boateng,GK,22,Portugal,Serie A,57.5,34.4,56.5,4.7,7.7,75.7,77.4,67.1,0.06,0.0,
P0136,Andre Keller,CM,27,,Ligue 1,61.1,76.2,72.7,48.7,62.6,43.2,74.0,79.5,0.38,0.34,15.2
P0137,Rafael Novak,CAM,24,Morocco,Bundesliga,69.6,72.7,76.8,68.2,31.3,,58.1,72.0,0.1,0.4,19.2
P0138,Kwame Kone,CM,22,Netherlands,Ligue 1,63.8,64.4,89.6,52.6,57.4,50.0,58.9,88.3,0.07,0.25,14.0
P0139,Ola Rossi,GK,26,Nigeria,Ligue 1,40.3,27.3,65.7,3.5,21.2,70.9,67.5,64.1,0.12,0.0,5.2
P0140,Kevin Martinez,CM,24,Senegal,Eredivisie,43.9,74.2,58.7,49.4,55.1,49.3,67.7,96.1,0.11,0.29,11.5
P0141,Ola Fernandes,CB,24,France,Ligue 1,54.5,36.0,54.3,9.9,74.2,88.0,68.4,73.0,0.0,0.23,30.8
P0142,Yusuf Rossi,GK,27,Netherlands,Championship,50.4,11.8,42.5,6.8,18.6,64.1,63.6,73.4,0.01,0.0,0.6
P0143,Nico Boateng,GK,27,Senegal,Ligue 1,45.4,28.4,44.8,4.7,15.2,72.7,62.0,,0.24,0.08,1.7
P0144,Kwame Keller,FB,24,Morocco,La Liga,81.3,67.4,82.0,36.3,64.9,58.6,66.6,69.4,0.03,0.04,24.5
P0145,Ibrahim Kone,CB,22,Morocco,La Liga,61.8,51.7,53.1,42.5,64.8,73.5,74.3,66.4,0.0,0.09,23.3
P0146,Diego Keller,CB,17,Italy,Eredivisie,59.6,45.2,63.0,23.3,68.1,71.4,85.5,61.3,0.27,0.15,4.1
P0147,Amadou Garcia,CB,21,Belgium,Serie A,63.8,56.9,60.8,22.5,80.0,68.0,79.8,75.1,0.0,0.0,19.6
P0148,Sergio Novak,CB,23,France,Bundesliga,54.8,51.0,56.6,19.8,90.6,89.4,70.2,53.1,0.18,0.0,26.0
P0149,Jorge Fernandes,GK,26,Germany,Serie A,,33.5,43.1,7.1,8.3,73.9,83.6,45.4,0.0,0.03,3.6
P0150,Felix Smith,GK,30,Croatia,Serie A,41.8,27.1,22.2,13.3,9.4,65.6,61.8,57.1,0.1,0.05,0.2
